¿Para qué se elaboró el “plan de contención económica social”?	['mitigar el impacto de la emergencia sanitaria']
¿Quiénes integran la comisión de expertos del FA?	['Danilo Astori, el senador Daniel Olesker, el ex ministro de Trabajo y Seguridad Social Ernesto Murro y la economista Andrea Vigorito']
¿Qué medidas establece el “plan de contención económica social” en materia laboral?	['preservación de los puestos de trabajo']
¿Cuáles son los objetivos del “plan de contención económica social”?	['“Preservar las empresas y las y los trabajadores”, “no aumentar la pobreza y la desigualdad” y prepararse para “el día después”']
¿En qué se basa el “plan de contención económica social”?	['aumento transitorio del gasto y de la inversión pública para minimizar el efecto de la desaceleración económica y su impacto en la población']
¿Cuántos casos de Covid19 hay en Bolivia?	['19']
¿Para qué fecha se aplazaron las elecciones en Bolivia por efecto del coronavirus?	['aún no hay nueva fecha']
¿Para qué fecha estaban previstas las elecciones en Bolivia?	['3 de mayo']
¿Cuándo entran en cuarentena total los ciudadanos de Bolivia?	['Este domingo']
¿Por cuánto tiempo está previsto el confinamiento en Bolivia?	['14 días']
¿Hace cuánto tiempo Argentina está en cuarentena?	['']
¿Quién recomienda mantener el aislamiento social en Argentina?	['un grupo de expertos de entidades nacionales e internacionales']
¿Cuándo comenzó el aislamiento en Argentina?	['']
¿Quiénes apoyan el aislamiento social en Argentina?	['']
¿Quién es el Ministro de Salud de Argentina?	['Ginés González García']
¿En qué provincias se flexibilizó la cuarentena?	['Entre Ríos, Misiones, Salta, San Juan y Neuquén', 'San Juan, Santa Cruz, Misiones, Entre Ríos, Mendoza y Neuquén']
¿Hasta cuándo durará el aislamiento obligatorio en Argentina?	['hasta el 10 de mayo']
¿Cuáles son las zonas de Argentina más afectadas por el Covid?	['la ciudad de Buenos Aires y en la zona metropolitana']
¿Cuándo se supendieron las clases?	['']
¿Quién pidió no retomar las clases el 22 de abril?	['La Sociedad de Medicina Rural del Uruguay (Someruy)']
¿Cuándo se piensa retomar las clases presenciales?	['el miércoles 22 de abril']
¿En cuántas escuelas rurales se piensa retomar la presencialidad?	['973']
¿Quién decidió retomar las clases presenciales el 22 de abril?	['gobierno']
¿En qué departamento no se retomarán las clases de las escuelas rurales?	['Canelones']
¿Qué es someruy?	['La Sociedad de Medicina Rural del Uruguay']
¿Qué porcentaje de médicos uruguayos vive y asiste al norte del río negro?	['menos de 6%']
¿Quién es el presidente de la Federación Médica del Interior?	['Patricia Nava']
¿Quién es Patricia Nava?	['La presidenta de Femi']
¿Qué es la FEMI?	['La Federación Médica del Interior']
¿Cuántos casos de Face News se han observado en relación el Coronavirus?	['']
¿Cuándo se detectó el primer caso de Coronavirus?	['']
¿Quién es la vicepresidenta del Uruguay?	['Beatriz Argimón']
¿Para qué fecha estaban previstas las elecciones departamentales?	['Beatriz Argimón']
¿Quién es Iván Posada?	['diputado del Partido Independiente']
¿En cuánto tiempo se prevee la recuperación de la economía?	['las consecuencias económicas, sociales y sanitarias son de largo plazo']
¿Cuál es el aumento del nivel de pobreza causado por el coronavirus?	['']
¿Cuál es el país con más casos de Covid19 hasta la fecha?	['China']
¿Cuál es el país que tiene registra más muertes causadas por Covid19 hasta la fecha?	['Italia']
¿Cuál es la clave Coreana para tener una baja tasa de mortalidad a causa del Covid19?	['testeo masivo de la población']
¿Qué causó el incremento de solicitudes de seguro de desempleo?	['suspensión de la actividad']
¿Cuántas solicitudes de seguro de desempleo se presentaron en Montevideo?	['La mitad']
¿En qué departamentos se presentaron solicitudes de seguro de desempleo?	['Montevideo, seguido por Canelones, Maldonado, Colonia, Paysandú, Salto y Tacuarembó']
¿En qué departamento se presentaron más solicitudes de seguro de desempleo?	['Montevideo']
¿Cuándo se presentaron las solicitudes de seguro de desempleo?	['Hasta el miércoles 18']
¿Cuántas personas son consideradas aglomeración?	['']
¿Cuánta distancia hay que mantener con las personas para no contagiarse?	['mayor a un metro', 'un metro o más']
¿Cuánto dura la enfermedad por Covid?	['']
¿Por cuánto tiempo es contagioso el Covid?	['']
¿Qué porcentaje de personas mueren por Covid?	['alrededor de 2%']
¿Por cuánto tiempo hay que lavarse las manos para evitar el Covid?	['más de 20 segundos']
¿Cuándo aparecen los síntomas de Covid?	['entre los dos y los 14 días después de haber contraído el virus']
¿Hasta cuánto tiempo después del contagio se pueden presentar síntomas de Covid?	['14 días']
¿Qué porcentaje de personas fueron asintomáticas en Islandia?	['50%']
¿Qué porcentaje de personas con Covid van a CTI?	['alrededor de 5%', '5%']
¿Qué porcentaje de personas presenta síntomas leves de Covid?	['alrededor de 80%']
¿Qué porcentaje de personas se enferma de forma grave de Covid?	['en el entorno de 15% atraviesa una enfermedad grave que involucra dificultad para respirar y el 5% restante ha precisado atención en CTI']
¿Cuándo se empezó a recomendar el uso de tapabocas?	['En abril']
¿Cada cuánto tiempo hay que cambiarse el tapabocas?	['cuando está húmedo o cada cuatro horas']
¿Quiénes tienen que hacer cuarentena obligatoria en Uruguay?	['las personas que tengan un diagnóstico de covid-19 o que sospechen que pueden tener la enfermedad']
¿Cuántos tipos de coronavirus afectan a los humanos?	['siete']
¿Cuándo se descubrió el Covid-19?	['en diciembre de 2019']
¿Dónde se descubrió el Covid-19?	['en la provincia china de Wuhan']
¿Cuál es el nombre completo del covid?	['SARS-CoV-2']
¿Cuándo se dio a conocer el nombre completo del covid?	['el 11 de febrero']
¿Quién le puso nombre completo al covid?	['la OMS']
¿Cuáles medicamentos sirvieron hasta ahora para tratar el covid?	['la cloroquina y la hidroxicloroquina']
¿Cuándo es la Feria Judicial Sanitaria?	['desde el 14 de marzo del corriente año, la Suprema Corte de Justicia (SCJ, órgano máximo de nuestro Poder Judicial) resolvió comenzar una Feria Judicial Sanitaria que en principio se extenderá, según la propia SCJ, hasta el jueves 30 de abril']
¿Quiénes hacen la Feria Judicial Sanitaria?	['']
¿Cuánto dura la Feria Judicial Sanitaria?	['']
¿Cuándo se reanudaría el trabajo judicial tras la Feria Judicial Sanitaria?	['el lunes 4 de mayo']
¿Quién resolvió hacer la Feria Judicial Sanitaria?	['la Suprema Corte de Justicia (SCJ, órgano máximo de nuestro Poder Judicial)']
¿Quién es el secretario general de la OMS?	['el etíope Tedros Adhanom Ghebreyesus']
¿Cuándo se pronostica que va a terminar la pandemia?	['']
¿Cuánto se pronostica que va a durar la pandemia?	['']
¿Cuál es la cepa de Covid más peligrosa hasta ahora?	['']
¿Cuáles fueron los países más afectados por el Covid?	['Italia, España y Francia']
¿Cuándo se declaró el estado de emergencia en el mundo por el Covid?	['el 30 de enero']
¿Qué presidente le quitó el financiamiento a la OMS?	['estadounidense Donald Trump']
¿Cuántos casos de Covid hay en Brasil?	['20.861']
¿Quién es el Ministro de Salud de Brasil?	['']
¿Cuántas muertes por Covid hubo hasta ahora en Brasil?	['3.313']
¿Cuáles son las zonas de Brasil más afectadas por el Covid?	['San Pablo y Río de Janeiro']
¿Cómo se llama el ex Ministro de Salud de Brasil, destituido por Bolsonaro?	['Luiz Henrique Mandetta']
¿Quién es el gobernador de la provincia Buenos Aires?	['Axel Kicillof']
¿Qué medidas propuso el gobierno argentino para evitar la propagación del Coronavirus?	['']
¿Cuántas personas viven en la provincia de Buenos Aires?	['11 millones']
¿Quién es el ministro de economía argentino?	['Martín Guzmán']
¿Quién es el ministro de desarrollo social argentino?	['Daniel Arroyo']
¿Quién lidera las propuestas de medidas económicas?	['']
¿Cuántas personas han perdido su trabajo debido a la pandemia?	['']
¿Cuál es el sector terciario de la economía?	['servicios']
¿Qué prestaciones ofrece el Ministerio de Desarrollo Social?	['Asignación Familiar, Asignación Familiar Plan de Equidad, Tarjeta Uruguay Social']
¿Cuál es la devaluación real del peso?	['23%']
¿Quién es el vocero de Comida para Héores? 	['Shai Steinhaus']
¿Dónde queda el bar Rumba?	['Héctor Miranda y Ellauri']
¿Cuántos niños recibieron su almuerzo en el merendero en Nueva España?	['50']
¿Cómo apoya Pedidos Ya con la logística? 	['cediendo motos tres veces por semana para el envío de las viandas']
¿Cuánto vale cada vianda que se dona por heroes.uy?	['80 pesos']
¿Qué es Bibliobarrio?	['biblioteca']
¿Qué tipo de contenidos disponibiliza UNICEF?	['recursos para desarrollar actividades en casa']
¿Para qué es la guía que se puede descargar de la página de UNICEF?	['para hablar sobre el Covid-19']
¿De qué trata el libro disponible en la página de Unicef?	['sobre los derechos del niño']
¿Para qué plataformas está disponible el juego Right Runner?	['juego para celular']
¿Qué es el Ibuprofeno?	['antiinflamatorio no esteroideo']
¿Qué efecto tiene el Ibuprofeno sobre los pacientes que tienen Covid-19?	['no hay evidencia científica que relacione al ibuprofeno con un agravamiento del Covid-19']
¿Quién es el ministro de salud de Francia?	['Olivier Veran']
¿Qué comorbilidades se asocian a muertes por Covid-19?	['enfermedades cerebrovasculares y coronarias, diabetes e hipertensión']
¿Quién es Charlotte Warren-Gash?	['profesor asociado de epidemiología en la Escuela de Higiene y Medicina Tropical de Londres']
¿En qué tipo de locales es obligatorio el uso de tapabocas por el momento?	['']
¿Quién está evaluando la medida?	['autoridades de esa gremial y el secretario de Presidencia, Álvaro Delgado']
¿Cuándo se implementaría la medida?	['en los próximos días']
¿Cuándo empezará a ser obligatorio el uso de tapabocas en grandes superficies?	['Este viernes']
¿En cuáles comercios será obligatorio el uso de tapabocas en los próximos días?	['asociados al Centro de Almaceneros Minoristas, Baristas, Autoservicistas y Afines del Uruguay (CAMBADU)']
¿Cuál es uno de los sectores más afectados por la pandemia?	['sector gastronómico']
¿Cuándo se decretó la cuarentena en la Argentina?	['Al cumplirse un mes']
¿Cuándo apareció el primer caso de Covid en la Argentina?	['el 3 de marzo']
¿Dónde apareció el primer caso de Covid en la Argentina?	['']
¿Quién es el Ministro del Interior de la Argentina?	['Eduardo Wado de Pedro']
¿Quién es el Ministro de Transporte de la Argentina?	['Mario Meoni']
¿Cuál es el costo que genera traer de manera extraordinaria a 172 uruguayos del exterior?	['']
¿Cuántos uruguayos arribarán hacía Uruguay desde Lima?	['75']
¿Cuántos uruguayos arribarán hacía Uruguay desde Cusco?	['72']
¿Cuántos uruguayos arribarán hacía Uruguay desde Santa Cruz?	['siete']
¿Cuántos uruguayos arribarán hacía Uruguay desde Europa?	['18']
¿Cuál es el porcentaje de asistencia luego de la vuelta a clases presenciales?	['36%']
¿Cuándo comenzaron las clases en escuelas rurales?	['en la mañana del miércoles', 'este miércoles']
¿Cuándo comienzan las clases presenciales en el resto de escuelas del país?	['']
¿Cuándo se retomaron las clases presenciales en escuelas rurales?	['en la mañana del miércoles', 'este miércoles']
¿Cuándo vuelven las clases presenciales a todas las escuelas?	['']
¿Cuántos alumnos están yendo a clase en las escuelas rurales?	['']
¿Cuántas escuelas rurales hay en Uruguay?	['547', '547']
¿Cuántas escuelas rurales retomaron las clases presenciales?	['344', '344', '344']
¿Cuántas escuelas rurales volvieron a la presencialidad?	['344', '344', '344']
¿Cuántos estudiantes asistieron a las escuelas rurales en los primeros días de clase presencial?	['1.030', '36%']
¿El gobierno tiene planes para aumentar la asistencia a las escuelas rurales?	['']
¿En cuántas escuelas rurales comenzaron las clases?	['344', '344', '344']
¿En qué ciudad hay clases presenciales?	['']
¿En qué departamento fue la mayor asistencia? 	['']
¿En qué departamentos comenzaron las clases presenciales?	['']
¿Hay alguna alternativa virtual para los niños que no concurrieron a la clase presencial?	['materiales para enviar a sus 16 alumnos por Whatsapp']
¿Qué medidas se tomarán para la asistencia a la escuela?	['utilizamos tapabocas, mantener distancia con los compañeros, lavado de manos más frecuente y con cuidados, alfombra con hipoclorito a la entrada, no compartir útiles y en el recreo jugar sin contacto']
¿Qué protocolo se sigue para la asistencia a las escuelas rurales?	['utilizamos tapabocas, mantener distancia con los compañeros, lavado de manos más frecuente y con cuidados, alfombra con hipoclorito a la entrada, no compartir útiles y en el recreo jugar sin contacto']
¿Quién resolvió el retorno a la presencialidad en las escuelas rurales?	['']
¿Quién organizó el concurso La Cuarentena?	['Facultad de Arquitectura, Diseño y Urbanismo de la Universidad de la República']
¿Cuál es el premio del concurso La Cuarentena?	['']
¿Quiénes forman parte del jurado del concurso La Cuarentena?	['Julio Pereira, Ernesto Ryan, Nicolás Garrido y Mariana Cecilio, junto con Leonardo Finotti']
¿Cuál es el acrónimo de la Universidad de la República?	['Udelar']
¿Cuál es la nacionalidad de Mariana Cecilio?	['brasileño']
¿Dónde se encuentran las bases del concurso La Cuarentena?	['ladiaria.com.uy/U1M']
¿En qué países existe la renta básica?	['']
¿Cuántas personas se encuentran por debajo de la línea de pobreza en Uruguay?	['']
¿Cuántos deportistas uruguayos han sido casos positivos de Covid19?	['']
¿Cuántos jugadores de rugby han sido casos positivos de Covid19?	['Dos']
¿Cuántos jugadores de hockey han sido casos positivos de Covid19?	['tres']
¿Quiénes fueron los primeros contagiados de Covid19 en el deporte uruguayo?	['Dos jugadores de rugby y tres jugadoras de hockey']
¿Qué relación existe entre los deportistas de contagiados?	['asistir al casamiento donde estuvo presente Carmela Hontou']
¿Cuál es la principal estrategia que emplean los gobiernos ante la situación de emergencia sanitaria?	['']
¿Qué estrategia plantea el gobierno de Uruguay ante el coronavirus?	['']
¿Cuándo cerró las escuelas el Reino Unido a causa del coronavirus?	['ayer']
¿Cuántas personas se estima que pueden verse afectadas por el Covid19?	['millones de personas']
¿Qué recomiendan los científicos británicos para combatir el coronavirus?	['aislar los casos sospechosos, poner en cuarentena a quienes viven con ellos, y también poner a resguardo a ancianos y personas con factores de riesgo']
¿Cuántos son los casos activos de coronavirus?	['3.828']
¿Cuántos son los fallecimientos por coronavirus?	['5.896']
¿Cuál fue la positividad de este martes?	['3,3%']
¿Cuántos casos nuevos hay en Montevideo?	['147']
¿Cuántos casos hay en CTI?	['107']
¿Dónde se va a transmitir el encuentro virtual de diseño?	['a través del canal en Instagram @latirfestival']
¿Quiénes participan del encuentro virtual de diseño?	['diseñadores, ilustradores, emprendedores y creativos', 'Palo y Nuel, un dúo creativo que trabaja bajo el nombre de Estudio Santa Rita', 'Amadeo Gonzales', 'Choper Nawers', 'San Spiga', 'Sasha Natasha', 'Martín Azambuja', 'Berch Kotogian', 'Panco Sassano', 'Pepita Sandwich']
¿Cuándo se va a desarrollar el encuentro virtual de diseño?	['Hasta el 25 de abril']
¿Dónde se puede ver la información sobre el encuentro virtual de diseño?	['latirfestival.com']
¿Cuántos casos de Covid19 hay registrados en Brasil?	['']
¿Cuántos uruguayos hay varados en Brasil por el Covid19?	['']
¿Cuándo se decretará el cierre de fronteras con Brasil?	['entre hoy de noche y mañana']
¿Cuándo cerró Brasil las fronteras con Uruguay?	['acaba de emitir un decreto']
¿Cuáles son los requisitos para que los habitantes de ciudades en la frontera puedan circular como lo hacen habitualmente?	['cualquier certificado que acredite su residencia']
¿Cuántas personas se dedican al servicio doméstico en Uruguay?	['']
¿Cuántas trabajadores fueron despedidas debido a la pandemia?	['14']
¿Cuál es el sindicato de trabajadoras domésticas?	['Sindicato Único de Trabajadoras Domésticas (SUTD)']
¿Qué porcentaje de trabajadores del servicio doméstico son mujeres?	['99%']
¿A qué se dedica Yaneth Mazzoleni?	['dirigente del Sindicato Único de Trabajadoras Domésticas']
¿Cuánto se les paga a los hoteles contratados por el Mides?	['15.000 dólares mensuales']
¿A qué hoteles se trasladó a las personas en situación de calle?	['Urban Express']
¿Cuál es el acrónimo del MInisterio de Desarrollo Social?	['Mides']
¿Cuál es la dirección del hotel Urban Express?	['Andes y Uruguay']
¿Quién es el director de Coordinación de Programas para Personas en Situación de Calle del Mides?	['Gabriel Cunha']
¿Quién es el director general de Secretaría del Mides?	['Nicolás Martinelli']
¿Quién es Lacalle Pou?	['el presidente']
¿Qué estrategias tomó el gobierno uruguayo para combatir el Coronavirus?	['']
¿Cuántos femicidios ocurrieron en la primera quincena Marzo de 2020?	['cuatro']
¿A qué se dedica Magdalena Furtado?	['representante de ONU Mujeres en Uruguay']
¿A qué se dedica Soledad Quesada?	['directora de la Asesoría para la Igualdad de Género de la Intendencia de Montevideo']
¿Cuántas casos positivos de covid se registran en España hasta la fecha?	['20.410']
¿Qué actividades escenciales se suspendieron en España por la pandemia?	['']
¿En qué fecha comenzó el confinamiento en España?	['El domingo']
¿Qué recomendó la Organización Mundial de la Salud para contener la propagación del virus?	['testeos masivos']
¿Qué ciudad de España es la más afectada por el coronavirus?	['Madrid']
¿Cuándo comenzó la pandemia en Italia?	['']
¿Quién es el Primer Ministro de Italia?	['Giuseppe Conte']
¿Quién es el Ministro de Salud de Italia?	['']
¿Cuándo comienza la reapertura tras la pandemia en Italia?	['a partir del 4 de mayo']
¿Cuál fase de la reapertura gradual comienza el 4 de mayo en Italia?	['“fase dos”']
¿De quién espera recibir apoyo Giuseppe Conte para la reapertura en Italia?	['de la Unión Europea (UE)', 'del bloque comunitario', 'La UE y la Eurozona']
¿Cuántos puntos tiene la estrategia sanitaria de reapertura de Italia?	['cinco']
¿Por dónde se puede ver el seminario de Isol Misenta?	['a través del Instagram Live de @plastilinarte']
¿Cuándo va a ser el seminario de Isol Misenta?	['esta tarde a las 17.00']
¿Quién es Isol Misenta?	['autora e ilustradora argentina']
¿A quién está dirigido el seminario de Isol Misenta?	['para familias']
¿Qué materiales es necesario tener para participar del taller de Isol Masenta?	['cartulinas (preferiblemente blancas), un par de hojas blancas por participante, tijera y trincheta, crayolas, lápices de colores o marcadores']
¿Qué premio ganó Isol Masenta?	['el Memorial Astrid Lindgren 2013']
¿Cuáles son las comunidades?	['pueblo kichwa']
¿De qué parte de Ecuador son las comunidades?	['Sarayaku']
¿Cuántas firmas fueron entregadas a la Fiscalía General del Estado?	['más de 250.000']
¿En qué consistió el decreto del 3 de octubre?	['eliminó el subsidio a los combustibles']
¿Cuántas personas viven en el territorio sarayaku?	['1.340']
¿Cuántas muertes se registran en Brasil desde que comenzó la pandemia del coronavirus?	['531.688']
¿Cuántos casos activos de coronavirus registra Brasil actualmente?	['1.009.534']
¿Cuántas vacunas anticovid se han dado en total a la población de Brasil?	['111,8 millones']
¿Cuántas vacunas distribuyó en total el gobierno de Brasil?	['147,1 millones']
¿Cuántos casos nuevos de Covid19 registró Brasil en las últimas 24 horas?	['57.737']
¿Cuándo retornarán los uruguayos varados en Perú?	['']
¿Cuántos uruguayos hay varados en Perú?	['más de 120']
¿Cuántos aviones traerán a los uruguayos en Perú?	['Dos']
¿Quién es el Ministro de Relaciones Exteriores	['Ernesto Talvi']
¿Quiénes tendrán prioridad durante la repatriación?	['adultos mayores, personas en “situación de vulnerabilidad”, familias con hijos menores y aquellas personas que han estado varadas “por más tiempo”']
¿Cuál fue la causa de la suspensión de la asamblea de Wanderers?	['la pandemia del nuevo coronavirus']
¿Qué medidas ha tomado la Asociación Uruguaya de Fútbol?	['']
¿Para qué fecha estaba fijada la asamblea?	['este sábado 21 de marzo']
¿Qué equipos han postergado actividades sociales?	['todos los equipos de la Asociación Uruguaya de Fútbol']
¿Hasta qué fecha se puede realizar la asamblea?	['12 de abril']
¿Para qué fecha estaba previsto el Sudamericano femenino sub 17 postergado por el Covid19?	['15 de abril']
¿Para qué fecha fue postergrado el Sudamericano femenino sub 17?	['a fines de agosto, principios de setiembre']
¿En qué país se desarrollará el Sudamericano sub 17 de fútbol femenino?	['Uruguay']
¿En qué estadio estaba previsto jugar la primer fase del Sudamericano sub 17 en Uruguay?	['estadio Charrúa de Montevideo']
¿En qué departamento de Uruguay estaba previsto jugar la fase final del Sudamericano sub 17?	['Colonia']
¿Qué es la AUF?	['Asociación Uruguaya de Fútbol']
¿Cuántos futbolistas fueron enviados a seguro de paro por la pandemia?	['']
¿Qué equipos tomaron la decisión?	['Defensor Sporting y Plaza Colonia']
¿Qué extranjeros fueron liberados por los clubes uruguayos?	['Imanol Enríquez partió hacia Buenos Aires; los paraguayos Guido Verdún y Santiago Irala viajaron a Asunción, y el brasileño Leonai Souza']
¿Cuántos días de actividad son necesarios para contar con seguro de paro?	['al menos 180']
¿Qué tipo de trabajadores de los clubes de fútbol son enviados a seguro de paro?	['los futbolistas del plantel principal forman parte de este grupo, sino que también se suman el cuerpo técnico, los trabajadores con cargos rentados y la mayoría de la gente que trabaja en el área administrativa']
¿Cuál era la fecha original del plebiscito?	['22 de abril']
¿Cuál es la nueva fecha del plebiscito?	['']
¿Qué medidas económicas se tomaron en Rusia?	['aumentó el monto del seguro por desempleo, implementó pagos especiales para familias con niños por los próximos tres meses, y anunció un impuesto de 15% a los dividendos en cuentas extrajeras']
¿Qué medidas económicas  para las empresas se tomaron en Rusia?	['postergó los pagos de todos los impuestos, excepto el IVA']
¿Cuáles días serán no laborables?	['la semana del sábado 28 hasta el 5 de abril']
¿Qué síntomas tiene el Coronavirus de las aves?	['síntomas respiratorios, pero puede agravarse por infecciones secundarias']
¿Cuándo se detecó el primer caso de Coronavirus en un ave?	['2002']
¿Qué son los virus?	['entidades biológicas compuestas de material hereditario y proteínas que requieren necesariamente de un hospedero para replicarse y generar copias de sí mismos']
¿Qué son los Coronavirus?	['virus con envoltura (una capa lipídica asociada a glicoproteínas), cuyo genoma o conjunto de información genética es una única hebra de ARN de entre 25 y 32 kb']
¿Cuáles son los dos grandes grupos de Coronavirus de acuerdo a su origen?	['uno proveniente de las aves y otro de mamíferos (murciélagos)']
¿Cuántos empleos se estima que se perderán por la pandemia?	['']
¿Cuántos trabajadores informales hay en Uruguay?	['25% del total']
¿Cuándo se anunció la llegada del coronavirus a Uruguay?	['No pasó una semana']
¿Cuáles son los sectores más golpeados por la pandemia?	['el turismo, el comercio y el transporte']
¿Qué medidas se tomaron para la contención del virus?	['cierre de los centros de estudio, la cancelación de los espectáculos públicos y la recomendación de permanecer en los hogares, evitar los espacios públicos y las aglomeraciones de personas']
¿Cuántos casos positivos de Covid19 se han registrado hasta el momento en residenciales?	['']
¿Cuántos muertes por Covid19 se han registrado hasta el momento en residenciales?	['']
¿Qué recomienda el ministerio para las personas mayores para evitar contagios de Covid19?	['distanciamiento físico, uso de masacrilla y alcohol en gel']
¿Dónde sugiere el MSP festejar el día del padre?	['en el hogar']
¿Qué recomienda el MSP en relación a los residenciales y la salida de los residentes ?	['no se recomienda la salida del residente del establecimiento']
¿Qué es el IVA?	['']
¿Cuánto aumentó el IVA?	['disminución del descuento para las compras con tarjeta de débito -de 4% a 2%- y de crédito']
¿Cuál fue la disminución del descuento para las tarjetas de débito?	['de 4% a 2%']
¿Qué es el Frente Amplio?	['coalición de izquierda']
¿Quién es Javier Miranda?	['El presidente del FA']
¿Cuántos casos activos de covid-19 hay en Italia?	['28.710']
¿Cuántos casos de covid-19 suma Italia desde el inicio de la pandemia?	['35.713']
¿Cuántas personas fallecieron en Italia a causa del covid-19 desde el inicio de la pandemia?	['2.978']
¿Cuál es el país más golpeado por el covid-19?	['Italia']
¿Cuál es el país de origen del covid-19?	['China']
¿Cuántas personas se encuentran realizando teletrabajo en Uruguay en el contexto de la pandemia?	['']
¿Qué significa teletrabajar?	['actividad laboral que se lleva a cabo fuera de la organización']
¿Qué beneficios puede generar el teletrabajo a los empleadores?	['optimización de recursos, la disminución de gastos operativos']
¿Qué establece el marco jurídico en relación a la modalidad de teletrabajo?	['no está contenida en el marco jurídico']
¿Qué beneficios puede generar el teletrabajo a los empleados?	['reducción de costos y tiempo']
¿Cuántos cines cerraron durante la pandemia?	['']
¿Qué porcentaje de gente dejó de ir al cine durante la pandemia?	['']
"¿Qué contiene el sitio ""Cine.ar""? "	['decenas de películas, series, documentales y cortos de producción argentina']
"¿Quiénes protagonizan la pelicula ""Alelí""?"	['Néstor Guzzini, Cristina Morán, Mirella Pascual y Romina Peluffo']
¿Dónde tiene sede la plataforma?	['Medellín']
¿Qué medidas pide el SMU?	['“medidas drásticas de prevención” de la expansión del Covid-19, entre ellas una “cuarentena general”']
¿Hasta cuándo propone el SMU que debe ser la cuarentena?	['']
¿Cuáles pacientes no deben ser atendidos sin bioseguridad según el SMU?	['portadores o sospechosos de COVID-19']
¿Cuáles son ejemplos de lugares que deben cerrarse?	['restaurantes, centros comerciales y otros posibles lugares de esparcimiento del virus']
¿Cuál es el beneficio de tener una amplia disponibilidad de tests?	['detectar el virus en las personas, como una forma de “mejorar la estrategia de prevención, de aislamiento en contactos y sobre todo del personal sanitario para no mermar los recursos humanos del sistema de salud”']
¿Qué es la OFI?	['La Organización del Fútbol del Interior']
¿Cuándo se reiniciarán los torneos de fútbol?	['15 de mayo']
¿En qué etapa se suspendión la Copa Nacional de Selecciones?	['cuando estaban por empezar a jugarse los cuartos de final de la Fase Nacional']
¿Cuáles selecciones habían sido campeonas unos días antes?	['San José, Salto y Canelones del Este']
¿Qué partidos se jugarán en cuartos de final?	['Canelones del Este-Paysandú, Cerro Largo-San José, Rocha-Río Negro y Canelones-Salto']
¿Qué tarifas aumentaron por el coronavirus?	['']
¿Cuándo aumentarán las tarifas?	['1 de abril']
¿Qué organizaciones se juntaron para disctutir preocupaciones del coronavirus?	['El PIT-CNT, la Federación Uruguaya de Cooperativas de Vivienda por Ayuda Mutua (FUCVAM), la Organización Nacional de Asociaciones de Jubilados y Pensionistas del Uruguay (ONAJPU), la Federación de Estudiantes Universitarios de Uruguay (FEUU), la Intersocial Feminista y el colectivo Ovejas Negras']
¿Qué personas son las mas afectadas?	['“viven en condiciones de mayor vulnerabilidad”']
¿Qué porcentaje de los trabajadores no tiene subsidio de desempleo?	['25%']
¿Cómo es el momento que está pasando el humor español?	['momento dorado']
¿Dónde se puede encontrar el humor español?	['YouTube']
¿En dónde se pueden encontrar los videos de standup?	['Youtube']
"¿De qué trata la ""Pantomima Full""?"	['parodia de tipos urbanos: el emprendedor, el ciclista, el adicto al trabajo, el salidor, el solitario, el místico, el crossfitero, el fanático de la cerveza artesanal, el de la sidra']
¿Cuál sería el objetivo de la broma en Montevideo?	['el “nuevo uruguayo”']
¿Qué es la OMS?	['Organización Mundial de la Salud']
¿Qué ejercicios se pueden realizar en el hogar para mantener la salud física?	['bajar y subir escaleras']
¿Qué recomienda la OMS en relación a la alimentación para atravesar la pandemia?	['Limitar el consumo de alcohol y evitar bebidas azucaradas']
¿Qué puede provocar fumar en relación al coronavirus?	['aumenta el peligro de verse afectado por otras enfermedades graves']
¿A qué número se puede envíar mensaje para suscribirse a las actualizaciones de coronavirus previstas por la OMS?	['0041798931892']
¿Cuánto es el distanciamiento social recomendado por el MSP?	['']
¿Cuántos casos activos de covid-19 hay en Uruguay?	['79']
¿Qué porcentaje de los casos de covid-19 son leves?	['80%']
¿Qué porcentaje de los casos de covid-19 son críticos?	['5%']
¿Cuáles son los principales síntomas del covid-19?	['fiebre, tos –en general seca o poco productiva–, dificultad respiratoria, resfrío, dolor de garganta, decaimiento, dolores musculares y articulares, cefalea y, en menor frecuencia, dolor abdominal y en ocasiones diarrea']
¿Qué monto incluye la financiación de diagnósticos?	['hasta 80% del costo reconocido del proyecto con un monto máximo de $ 6.000.000”', '6.000.000 de pesos']
¿Quiénes pueden participar en el desafío?	['proyectos conjuntos entre al menos una empresa y una institución de investigación y desarrollo']
¿Qué es la ANII?	['La Agencia Nacional de Investigación e Innovación']
¿Cuándo deben estar disponibles los kits de diagnóstico?	['antes de mayo de 2020', 'antes del 1/5/2020']
¿Cuándo vence el plazo para la presentación de proyectos?	['en una semana']
¿Cuántos casos activos de coronavirus registra Argentina actualmente?	['']
¿Cuántas muertes se registran en Argentina desde que comenzó la pandemia del coronavirus?	['98.148']
¿Cuántos casos positivos de coronavirus registra Argentina desde que comenzó la pandemia?	['4.627.537']
¿Cuál es la cantidad máxima de casos positivos de Covid19 que registró Argentina en un solo día?	['41.080']
¿Cuántos tests de Covid19 se realizaron en Argentina desde que comenzó la pandemia?	['17,5 millones']
¿Qué normas se dejan de aplicar?	['']
¿Quién tomó la medida?	['la Agencia de Protección Ambiental']
¿Quién es Cao Liping?	['representante del Ministerio de Ecología Medio Ambiente']
¿Cuál es el monto del paquete de estímulo económico aprobado por Donald Trump?	['dos billones de dólares']
¿Con quién negoció el gobierno?	['General Motors']
¿Qué utilidad tiene saber la secuencia de los genomas del coronavirus?	['“saber de dónde provienen las cepas que ingresaron a Uruguay”, “cuándo llegaron”, “si hay diferentes variantes” del nuevo coronavirus en el país y otros aspectos']
¿Cuál es el siguiente proyecto de investigación del Institut Pasteur?	['']
¿Quién lideró el estudio?	['@goyoiraola junto a Pilar Moreno y @gonzamoratorio']
¿Qué tecnología se utilizó en el estudio?	['@goyoiraola junto a Pilar Moreno y @gonzamoratorio']
¿Cuántas variantes del virus se conocen?	['tres']
¿Cuántas empresas latinoamercanas han cerrado a causa la pandemia?	['']
¿Con qué objetivo han tomado medidas los gobiernos latinoamericanos?	['para proteger a los sectores más vulnerables de la población y de las empresas frente al impacto económico del coronavirus']
¿Cuántos pesos argentinos se entregan a los beneficiarios de la Asignación Universal por Hijo?	['3.100']
¿Quién es Iván Duque?	['el presidente de Colombia']
¿Cuántas personas son beneficiarias del programa Familias en Acción?	['unos diez millones']
¿En qué gastará el Mides los 1.000 millones de pesos otorgados por el Ministerio de Economía?	['la implementación de un sistema alimentario especial y la atención a las personas en situación de calle mayores de 65 años']
¿Cuántas personas reciben ayuda del Mides actualmente?	['400.000']
¿Cúantas personas mayores de 65 años están en situación de calle en Uruguay?	['300']
¿Cuántos casos activos de coronavirus se registran?	['110']
¿En qué departamentos se registran casos activos de coronavirus?	['Montevideo, Canelones, Maldonado, Colonia y Salto']
¿Qué es el PIAS?	['Plan Integral de Atención a la Salud (más conocido por su sigla, PIAS), que dispone las prestaciones obligatorias que tienen que dar las instituciones que forman parte del Sistema Nacional Integrado de Salud']
¿Quién asumirá el costo del test?	['']
¿Cuáles son los estudios diagnósticos que deberán dar los prestadores de salud?	['la técnica de PCR (reacción en cadena de la polimerasa)']
¿Qué se considera diagnóstico presuntivo?	['un “paciente con fiebre y síntomas respiratorios agudos, sin otra causa evidente que lo justifique, haya tenido o no contacto con caso confirmado de Covid-19 y/o retornado de zona de circulación comunitaria del virus; o paciente con Infección Respiratoria Aguda Grave (IRAG)']
¿Quién difundió el comunicado?	['el Sindicato Médico del Uruguay']
¿Quién es Juan Pablo Labat?	['ex director nacional de Evaluación y Monitoreo del Mides']
¿Cuántas personas son beneficiarias de la Tarjeta Uruguay Social?	['400.000']
¿Cuánto dinero anunció que destinaría el MEF cuándo comenzó la emergencia sanitaria?	['1.000 millones de pesos']
¿Qué propone Juan Pablo Labat?	['crear un bono familiar para alimentación e higiene equivalente a cuatro o cinco surtidos de almacén (algo cercano a un salario mínimo), cobrable por única vez (o eventualmente, renovable mensualmente, mientras dure la emergencia), y a razón de uno por hogar']
¿Cuál es el porcentaje de personas que trabajan en la informalidad?	['cercana a 25%']
¿Quién es Valeria Ripoll?	['la secretaria general de la Asociación de Empleados y Obreros Municipales de Montevideo (Adeom)']
¿Quién determina el protocolo a aplicar en los cementerios a los muertos por Coronavirus?	['el MSP']
Según Ripoll, ¿qué deberían hacer los responsables de salud de los trabajadores de la Intendencia?	['acudir presencialmente al cementerio e indicar qué es lo que hay que hacer']
¿Qué medidas adicionales ha tomada la Intendencia en el “protocolo” en los cementerios para fallecidos por coronavirus?	['la túnica debe ser desechable']
Según Ripoll, ¿qué no deberían hacer los responsables de salud de los trabajadores de la Intendencia?	['imprimirnos las recomendaciones del MSP y dársela a los trabajadores']
¿Cuál será el descuento recibido por funcionarios públicos y cargos de confianza política?	['los porcentajes se darán a conocer de forma pública en las próximas horas']
¿Durante cuánto tiempo recibirán el descuento los funcionarios públicos y cargos de confianza política?	['dos meses']
¿Quién es Azucena Arbeleche?	['la ministra de Economía']
¿Qué fue lo que el gobierno le transmitió a los sindicalistas?	['que tienen previsto implementar una rebaja de los sueldos de funcionarios superiores a los 80.000 pesos, así como también una rebaja salarial para las remuneraciones de todos los cargos políticos del Estado']
¿Cuál es el tope que según Guido Manini Ríos los funcionarios públicos no deberían superar?	['100.000 pesos']
¿Quién fue denunciada por violación de cuarentena?	['Carmela Hountou']
¿Quién denunció a Carmela Hontou?	['personal del edificio donde vive']
¿Qué consecuencias podría tener si viola la cuarentena?	['consecuencias penales']
¿Quiénes visitan a Carmela Hountou? 	['dos de sus hijos']
¿Qué medidas tomó el fiscal?	['se envíe un móvil policial al departamento']
¿Quién es Paganini?	['ministro de Industria, Energía y Minería']
¿Quién es Nicolás Jodal? 	['']
¿Qué empresas desarrollaron la tecnología para las alertas de exposición?	['Google y Apple']
¿Qué países desarrollaron esta tecnología antes que Uruguay?	['Italia y Suiza']
¿Cuántas descargas hubo de la aplicación en su primera etapa? 	['325 mil']
¿Cuándo se hace efectiva la suspensión de los torneos sudamericanos de fútbol?	['']
¿Qué apoyo brindará la Conmebol a los equipos sudamericanos durante la crisis sanitaria?	['']
¿Qué torneos sudamericanos de fútbol fueron suspendidos a raíz de la pandemia?	['la Copa Libertadores y la Copa Sudamericana']
¿Hasta qué fecha se suspenderán los torneos sudamericanos de fútbol?	['5 de mayo']
¿Qué implicancia tendrá la suspensión de los torneos sudamericanos de fútbol?	['algunos cambios de calendario']
¿Cuántas personas han fallecido a causa del covid-19?	['']
¿Cuál es la letalidad del covid-19 en Uruguay?	['']
¿Qué porcentaje de incidencia en la transmisibilidad tuvo la variante P1?	['un 250% más', 'un 250% más']
¿Qué porcentaje de incidencia en la letalidad tuvo la variante P1?	['180%', '180%']
¿Qué es el GACH?	['el Grupo Asesor Científico Honorario']
¿Quiénes reciben los almuerzos?	['escolares de centros urbanos que se hayan inscripto entre lunes y martes']
¿Cuántos escolares hay inscriptos para recibir almuerzos?	['37.184']
¿Cuántos centros no recibieron almuerzos?	['28', '28']
¿Quién es el consejero del Consejo de Educación Inicial y Primaria (CEIP)?	['Pablo Caggiani']
¿Cuántos niños son recibidos habitualmente por los comedores?	['250.000']
¿Cuáles son los artículos de higiene que faltan?	['jabón líquido, alcohol en gel, tapabocas y guantes descartables']
¿Cómo se planea reponer los artículos?	['llamado a la solidaridad']
¿Dónde se reciben las donaciones?	['el local de la Federación Uruguaya de Empleados del Comercio y Servicios, en la calle Río Negro 1210']
¿En qué horario se reciben las donaciones?	['de 10.00 a 17.00']
¿Quién es la mayor autoridad de la secretaría del SNIC?	['Daniel Radío']
¿Quién preside el Banco Central Europeo?	['']
¿Cuál es el objetivo de este llamado?	['que esos recursos puedan volcarse en apoyar a las personas y pequeñas empresas a superar la crisis']
¿De qué años se solicitó no pagar los dividendos?	['2019 y 2020']
¿Además de no pagar dividendos, qué más solicitó el BCE?	['no comprar acciones propias']
¿Quién espera el BCE que se una a los esfuerzos colectivos?	['los accionistas de la banca']
¿Cuáles son los insumos que se busca desarrollar?	['Elementos de protección para el personal de salud, objetos de prevención que impidan contagios o incluso respiradores']
¿Cómo se planea financiar estos insumos?	['un formulario para quienes quisieran aportar de alguna manera a la iniciativa']
¿Qué uso tienen las máscaras de acetato?	['protegen toda la cara de la persona y evitan el contacto con cualquier tipo de fluidos']
¿Cuántas personas se anotaron al formulario?	['600']
¿Cuántas impresoras 3D tiene la Utec?	['24']
¿Cuál es la propuesta de Lacalle Pou?	['rebajar por ley salarios y jubilaciones públicas superiores a 80.000 pesos para financiar el “fondo coronavirus”']
¿Qué es el PIT-CNT?	['']
¿Quién no ha respondido las propuestas de la Intersocial?	['Poder Ejecutiva']
¿Quiénes están dispuestos a aportar de sus ingresos?	['los trabajadores']
¿Quiénes no paran de facturar?	['los sectores agroexportadores']
¿Qué es el INDDHH?	['Institución Nacional de Derechos Humanos y Defensoría del Pueblo']
¿Cuántas personas en situación de calle existen en Uruguay?	['']
¿Cuánto aumentó el número de personas en situación desde el inicio de la pandemia?	['']
¿Qué medidas existen para las personas en situación de calle?	['no existen “protocolos” ni medidas específicas']
¿A cuántas horas debe ampliarse la cobertura de los centros nocturnos?	['24']
¿Cuál es el número de la Ley de Faltas?	['19.120']
¿Cuántos casos confirmados hay en las cárceles?	['ningún caso']
¿A partir de cuándo se aplicarán las medidas en las cárceles?	['']
¿Cuántas visitas puede recibir un interno?	['un adulto']
¿Cuál es la máxima temperatura que puede tener una persona que ingresa a una unidad penitenciaria?	['37,5°']
¿Qué se le entregó a cada recluso?	['una barra de jabón neutro (tipo Bull-Dog) y “abundante cantidad” de hipoclorito']
¿Cuántos casos activos de coronavirus se registran?	['']
¿Cuántos casos activos de coronavirus se proyectan en Uruguay en los próximos meses?	['']
¿Cuál es la situación actual de casos de coronavirus?	['baja en la cantidad de casos diarios']
¿Qué recomienda el gobierno uruguayo para las personas que vuelven del exterior?	['Cuarentena de no vacunados, PCR negativo antes de ingresar al país y otro a los cinco días']
¿Cuál es la situación actuál de la actividad turística?	['la ocupación está mejorando']
¿Cómo puede un ciudadano obtener la aplicación del Covid19?	['a través del Play Store de los teléfonos', 'se la podrá encontrar en la página que el Ministerio de Salud Pública (MSP) desarrolló para el coronavirus']
¿Cuándo estará disponible la aplicación del Covid19 en Uruguay?	['hoy']
¿Cuántos kits de diagnóstico donará China a Uruguay en apoyo a la pandemia?	['20.000']
¿Cuántas mascarillas donará China a Uruguay en apoyo a la pandemia?	['150.000']
¿Cuál había sido el último día sin casos en China previo al jueves?	['desde que se conoció el novedoso virus']
¿Cuántos casos de Covid-19 suma China?	['']
¿Cuántos muertes por Covid-19 suma China?	['3.245']
¿Cuál es la capital de la provincia de Hubei?	['Wuhan']
¿Cuántos días estuvo cerrada la ciudad de Wuhan?	['56']
¿Quién es Xi Jinping?	['Xi Jinping']
¿En qué empresa trabaja Milano? 	['GeneXus']
¿Cómo se llama la aplicación presentada? 	['CoronavirusUy']
¿Cuándo el celular intercambia identificadores? 	['cuando está a menos de tres metros de otro celular por más de 5 o 10 minutos']
¿Qué son los identificadores que el usuario envía al Ministerio de Salud Pública? 	['los códigos que obtuvo en los últimos 14 días']
¿Qué programa conduce Emiliano Cotelo? 	['En Perspectiva']
¿Quién es Alberto Fernández?	['El presidente de Argentina']
¿Durante cuánto tiempo se congelarán alquileres y créditos hipotecarios en Argentina?	['durante 180 días']
¿Qué argentinos dejarán de ser repatriados?	['que no sean población de riesgo']
¿Cuántos fallecidos por Coronavirus tiene Argentina?	['ocho']
¿Cuánto dinero recibirá Argentina del Banco Mundial?	['300 millones de dólares']
¿Cuáles clubes recibirán un adelanto de recursos económicos?	['los clubes que están participando de las copas internacionales (la Libertadores y la Sudamericana)']
¿A cuánto asciende el adelanto que los clubes pueden recibir?	['hasta el 60% de los derechos de participación']
¿Cuál es el objetivo del adelanto?	['permitirá “que los clubes puedan afrontar sus necesidades financieras con mayores garantías”']
¿Quién es Alejandro Domínguez?	['presidente de la Conmebol']
¿A través de qué organismo los clubes deben solicitar el adelanto económico?	['cada asociación a la que pertenecen']
¿Cuántos museos ofrecen recorridos virtuales?	['']
¿Hasta cuándo estarán cerrados los museos?	['12 de abril']
¿Cuántos recorridos virtuales ofrece el Museo Figari?	['dos']
¿Cómo se puede recorrer el Museo Nacional de Artes Visuales?	['textos panorámicos y obras de Rimer Cardillo, Pablo Uribe, Lacy Duarte y Guillermo Fernández, entre tantos; y recorrer –en 3D– sus pasillos mientras se disfruta de su colección, con destacadas obras como La paraguaya, de Juan Manuel Blanes, algunos estudios de Carlos Federico Sáez, los niños de Petrona Viera, o el Viejo catalán, de Rafael Barradas, junto a piezas de Joaquín Torres García, Manuel Espínola Gómez, Luis A Solari']
¿Qué museos han presentado propuestas para compensar el cierre de sus salas?	['Museo Nacional de Artes Visuales (MNAV) y el Museo Figari']
¿Cuántos casos de Covid-19 suma Brasil?	['525']
¿Cuántos muertes por Covid-19 suma Brasil?	['seis']
¿En qué ciudades de Brasil se registraron fallecimientos?	['en San Pablo y dos en Río de Janeiro']
¿Cuántos miembros de la comitiva de Bolsonaro se contagiaron?	['varios']
¿Qué medidas se tomaron en Brasil este jueves?	['se activó un protocolo más estricto de seguridad en los aeropuertos para controlar a los viajeros que llegaban al país, además de la implementación del cierre de fronteras con las naciones limítrofes']
¿Cuándo regresará el fútbol internacional en América del Sur?	['5 de mayo']
¿Cuántos casos de Covid19 se registran en el fútbol sudamericano?	['']
¿Cuántos clubes uruguayos participan en campeonatos internacionales de Conmebol?	['seis']
¿En qué mes estaba previso jugar la tercera y cuarta fecha de las eliminatorias sudamericanas rumbo a Catar 2022?	['setiembre']
¿Cuántos países componen actualmente la Conmebol?	['nueve']
¿Qué organización llevó a cabo la investigación?	['Universidad de Sídney Edward Holmes, quien lideró este estudio junto a Andrew Rambaut, de la Universidad de Edinburgo']
¿Qué significa que el covid-19 tenga un origen zoonótico?	['transmitido a humanos desde otras especies']
¿Cuándo se detectó el virus de covid-19 por primera vez?	['diciembre de 2019']
¿En qué ciudad se detectó el virus de covid-19 por primera vez?	['Wuhan']
¿Qué es el SARS-CoV-2?	['virus']
¿Qué tipo de diagnósticos de covid-19 se desarrollan en Uruguay?	['']
¿Cuándo estarán disponibles los diagnósticos que se están desarrollando?	['a la brevedad']
¿Qué instituciones están desarrollando los diagnósticos de Covid-19?	['la Udelar y el Institut Pasteur de Montevideo', 'Udelar y el Institut Pasteur', 'la Universidad de la República y el Institut Pasteur de Montevideo']
¿Desde cuándo se está trabajando en el desarrollo de los diagnósticos de Covid-19?	['tres semanas']
¿A qué tipo de virus pertenecen a la influenza H1N1 y el actual SARS-Cov-2?	['ARN']
¿Cuándo se dispuso la medida?	['este sábado']
¿Qué eventos se suspenden bajo esta medida?	['']
¿Quién tomó la decisión?	['Jorge Larrañaga']
¿Dónde se identificaron situaciones de riesgo?	['espacios públicos como parques, plazas y la rambla, así como en campamentos']
¿Con qué número se puede comunicar en caso de violencia doméstica?	['911']
¿Hasta qué fecha se extendió la cuarentena?	['Alberto Fernández']
¿Quién es el presidente de Argentina?	['']
¿Cuál fue el acatamiento de la sociedad a la cuarententa?	['90%']
¿Cuántos trabajadores despidió la empresa Techint?	['1.450']
¿Quién es el ministro de Salud de Argentina?	['Ginés González García']
¿Cuánto dinero aporta Estados Unidos a la OMS?	['22% del total de su presupuesto']
¿Dónde se originó la pandemia de covid-19?	['']
¿Quién es el presidente de Estados Unidos?	['Donald Trump']
¿Quién es el secretario general de la ONU?	['António Guterres']
¿De qué acusa Trump a la OMS?	['encubrir la expansión del coronavirus']
¿Quiénes criticaron la decisión de Trump de suspender el financiamiento de la OMS?	['António Guterres', 'el gobierno de la canciller Angela Merkel', 'Heiko Maas', 'la Asociación Médica Americana', 'Patrice A Harris']
¿Quién es Leandro Cabrera?	['Uno de los futbolistas afectados']
¿Cuántos casos de covid-9 hay en Barcelona?	['']
¿Cuántos integrantes del Espanyol de Barcelona contrajeron covid-19?	['seis']
¿Cuáles son los cuatro países más afectados por el covid-19?	['España, en estos momentos, es el cuarto país con más infectados, detrás de China, Italia e Irán']
¿Cuál fue el primer club Español en registrar casos de covid-19?	['Valencia']
¿Cuántos casos activos de covid-19 hay en Uruguay?	['']
¿Quién es Alvaro Delgado?	['El secretario de Presidencia']
¿Cuánto mayor será el reembolso de dinero?	['mucho']
¿Quiénes pueden donar fondos no reembolsables?	['organismos multilaterales de crédito']
¿Para qué se va a generar un fondo?	['para el coronavirus']
¿Cómo se podrán acceder a los servicios de la IM?	['']
¿Hasta cuándo permanecerá suspendida la atención al público?	['']
¿Cuándo suspenderá la atención al público la IM?	['este miércoles']
¿Quién es el director de Gestión Humana de la comuna?	['Eduardo Brenta']
¿Quiénes son las personas de riesgo?	['personas de 60 años o más de edad, inmunodeprimidos, pacientes oncológicos, con EPOC o enfermedades autoinmunes, embarazadas y diabéticos']
¿A qué trabajadores priorizó la IM?	['aquellos que tengan hijos menores de 12 años']
¿Cuánto aumentaron las situaciones de violencia con la cuarentena?	['']
¿Cómo aumentan los riesgos de las mujeres en situación de violencia de género?	[' distintas ansiedades que se suman cuando una persona está encerrada, con “la ansiedad extra de la situación mundial” y la imposibilidad de salir al exterior']
¿Quién es la directora de Inmujeres? 	['Mónica Bottero']
¿Qué insumos de higiene recibirá el personal para prevenir el contagio de Covid-19?	['alcohol en gel o mascarillas']
¿Qué porcentaje de mujeres asesinadas convive con el agresor?	['70%']
¿Quiénes recibiran descuentos?	['salarios y jubilaciones públicas superiores a 80.000 pesos']
¿Para qué se usará el fondo Coronavirus?	['“la extensión de canastas alimenticias para aquellos más vulnerables y un aumento en la Asignaciones Familiares”']
¿Cuántos casos activos por Coronavirus hay?	['238']
¿Cuántas muertes por Coronavirus hubo?	['ningún']
¿Cuáles funcionarios públicos quedan excluídos de los descuentos?	['los trabajadores de la salud']
¿Cuáles centros de salud aumentaron la cantidad de camas de terapia intensiva?	['La Asociación Española']
¿Cuántas personas están internadas en CTI por Covid-19?	['Cuatro personas']
¿Dónde se han desbordado los servicios de salud?	['Italia y España']
¿Cuántas camas de cuidados intensivas existen a nivel nacional?	['650']
¿En qué porcentaje se prevé aumentar la cantidad de camas con respiradores?	['40%']
¿Cuántos casos activos por Coronavirus hay en Brasil?	['2.915']
¿Cuántas muertes por Coronavirus hubo en Brasil?	['77']
¿Qué es el aislamiento vertical?	['restringido a los grupos de riesgo y a las personas ya infectadas']
¿Qué pide la izquierda?	['juicio político a Bolsonaro']
¿Qué propone Bolsonaro para combatir el Covid-19?	['el uso de la hidroxicloroquina']
¿Qué efectos tiene la cuarentena sobre la salud mental?	[' síntomas de estrés postraumático, confusión y enojo']
¿Cuánto aumentaron las enfermedades mentales con la cuarentena?	['']
¿Qué medidas tomaron los gobiernos para evitar la propagación del coronavirus?	['evitaran las aglomeraciones de personas y que, en la medida de lo posible, permanecieran en sus casas']
¿Cuáles son los factores que provocan mayor estrés?	['mayor duración de la cuarentena, temor de contagiarse la infección, frustración, aburrimiento, suministros inadecuados, información inadecuada, pérdidas financieras y estigma']
¿Qué medidas tomó Uruguay respecto a las personas que llegan de países de riesgo?	['obligadas a hacer una cuarentena de 14 días']
¿Cuándo se podrán retomar las clases presenciales en la educación terciaria?	['']
¿Cuándo se retoman las clases presenciales en las universidades privadas?	['']
¿Cuándo se retoma la presencialidad en las universidades privadas?	['']
¿Cuándo se retomaría la presencialidad en la universidad?	['']
¿Cuándo se suspendieron los cursos presenciales?	['']
¿Cuándo se van a retomar las clases presenciales en la UDELAR?	['']
¿Cuántas universidades hicieron una propuesta al MEC para retomar clases presenciales en mayo?	['']
¿Desde cuándo están suspendidas las clases presenciales en las universidades privadas?	['']
¿Desde cuándo están suspendidas las clases presenciales en las universidades?	['']
¿Dónde se retomarían las clases presenciales?	['las universidades privadas']
¿El MEC puede realizar una contrapropuesta para aplazar el inicio de cursos presenciales?	['']
¿En qué consiste la propuesta?	['retomar algunos cursos presenciales en mayo']
¿Qué medidas se tomarán para la asistencia a clases?	['regreso paulatino y seguro a clases']
¿Qué universidades realizaron la propuesta?	['las universidades privadas']
¿Qué universidades están pensando retomar la presencialidad?	['las universidades privadas']
¿Qué universidades privadas quieren retomar las clases presenciales en mayo?	['']
¿Qué universidades propusieron remotar los cursos presenciales en mayo?	['las universidades privadas']
¿Quién realizó el estudio sobre las drogas contra la artritis?	['Revista de la Asociación Médica Estadounidense']
¿En qué porcentaje reducen el riesgo de muerte por covid-19 las drogas contra la artritis?	['17%', '21%']
¿Cuáles drogas contra la artritis reducen el riesgo de muerte por covid-19?	['tocilizumab y sarilumab']
¿Cuántos pacientes fueron incluídos en el análisis?	['11.000']
¿Qué es la interleucina IL-6?	['un tipo de proteína llamada citocina que le pide al cuerpo aumentar una respuesta inflamatoria']
¿Qué tipos de test se desarrollaron?	['']
¿Cuándo estarían disponibles los tests?	['está lista']
¿Qué instituciones desarrollaron los diagnósticos de covid-19?	['Udelar y el Institut Pasteur', 'el Laboratorio de Virología Molecular de la Facultad de Ciencias, donde en conjunto con el Institut Pasteur']
¿Cuándo comenzó la investigación para el desarrollo de diagnósticos?	['cuando la pandemia tuvo inicio en China']
¿Quién es Rodrigo Arim?	['El rector de la Universidad']
¿Quién es el presidente de Argentina?	['Alberto Fernández']
¿Cuánto dinero recaudará Argentina con su impuesto a las grandes fortunas?	['3.000 millones de dólares', '3.000 millones de dólares']
¿Quiénes deben pagar el impuesto a las grandes fortunas de Argentina?	['las personas físicas con riquezas por encima de los tres millones de dólares y también alcanzaría a los patrimonios y ganancias empresariales']
¿Cuántas personas deberán pagar el impuesto a las grandes fortunas de Argentina?	['12.000']
¿Durante cuánto tiempo hay que pagar el impuesto a las grandes fortunas de Argentina?	['única vez']
¿Quién es el ministro de economía argentino?	['Martín Guzmán']
¿De qué trata el programa Recomiendo?	['aporta información sobre productos y recetas sobre lo que el chef prueba junto al entrevistado']
¿En qué canal se televisará Recomiendo?	['Canal 4']
¿Dónde se encuentra el salón de té Doña Inés?	['en Pocitos']
¿Cuál es el tomate favorito de Hugo Soca?	['el carnoso corazón de buey']
¿Qué recorrerá Soca esta noche a las 20.30?	['Mercado Ferrando']
¿Qué productos integran la lista inicial?	['']
¿Por qué se publicarán los precios de ciertos productos?	['por la emergencia sanitaria por el nuevo coronavirus']
¿Quiénes mantuvieron una reunión?	['el titular del Ministerio de Trabajo y Seguridad Social, Pablo Mieres, y Omar Pagani, titular del Ministerio de Industria, Energía y Minería, con representantes del PIT-CNT y de las cámaras empresariales']
¿Qué tipo de productos integran la lista?	['productos de cuidado personal']
¿Qué productos dispararon su precio luego de la emergencia sanitaria?	['alcohol en gel y de los tapabocas']
¿Cuántos trabajadores de la enseñanza privada fueron enviados a seguro de paro?	['unas 250 personas']
¿Cuántos centros de enseñanza privada enviaron trabajadores a seguro de paro?	['unas diez instituciones']
¿Qué le pedirán al gobierno?	['que existan controles a los colegios privados']
¿Cuándo esperan que el problema sea mayor?	['en abril']
¿Cuál es la preocupación del sindicato frente al seguro de desempleo?	['por el multiempleo reinante en el sector, el beneficio no es aplicable a una gran proporción de los trabajadores']
¿Cuál es el rol que la Universidad debería asumir en la emergencia coronavirus?	['Detener la máquina universitaria para saber qué pensamos de lo que está sucediendo.']
¿Qué deberían hacer los docentes?	['salir del “derrotismo” que implicaría seguir sólo dando clases online y continuar con nuestras investigaciones sectoriales']
¿A cuáles áreas de la univesidad se les solicita que pongan en práctica sus conocimientos?	['las ciencias médicas y biológicas que pongan en práctica sus conocimientos, y aquellas asociadas a estas, como Enfermería y Psicología']
¿Cuántas solucitudes de subsidios por desempleo se han hecho desde el primero de marzo?	['64.854']
¿Cuántas solucitudes de subsidios por desempleo se han hecho  desde que comenzó la pandemia por Coronavirus?	['']
¿Cuáles son los rubros más afectados?	['el comercio al por mayor y menor, con 18.004; la industria manufacturera, con 10.123, y alojamiento por servicio y comida']
¿Cuántas solcitudes corresponden a despidos?	['5.461']
¿Cuántas solcitudes corresponden a suspensión de actividades en empresas?	['53.591']
¿Cuántos trabajadores han sido enviados a seguro de paro desde que empezó la pandemia?	['']
¿Cuáles rubros han sido los más afectados por la pandemia?	['']
¿Qué medidas propone la cámara de comercio?	['interrumpir el clearing de cheques, promocionar subsidios a aquellas firmas que se encuentran en una “compleja situación económica” y “mayor flexibilidad para poder interrumpir contratos de alquiler de locales comerciales”']
¿Cuántas empresas han tenido que reducir la cantidad de empleados?	['212']
¿Cuántas empresas se consideraron en el estudio?	['629']
¿Cuál es el miedo que nos ocupa?	['miedo a la enfermedad']
¿A cuál miedo se parece el miedo a la enfermedad?	['la “inseguridad”']
¿Cuántos departamentos de emergencia-urgencia (DEA) se cerraron en Italia?	['49']
¿Qué han hecho los ciudadanos más pobres del mundo?	['un repliegue de su vida social puertas adentro']
¿Donde están nuestros mejores recursos para hacer frente al miedo?	['creer en soluciones solidarias, en la vida pública, en la política y, finalmente, en cierta esperanza en un mundo mejor']
¿Quién es Salinas?	['El ministro de Salud']
¿Qué marcha fue criticada por Salinas?	['Marcha por la Diversidad']
¿Cuántas personas se estima que acudieron a la marcha?	['']
¿Quién dirige la coordinación del Ministerio de Salud Pública?	['Karina Rando']
¿Por qué medio se expresó Salinas sobre la Marcha por la Diversidad?	['en su cuenta de Twitter']
¿Cuándo se celebró la Marcha por la Diversidad?	['el viernes por la tarde']
¿Por qué se suspenderá la Copa América?	['por el coronavirus']
¿Para qué fecha se suspenderá la Copa América?	['para el año que viene']
¿Dónde se iba a disputar la Copa América?	['Argentina (Buenos Aires, Córdoba, La Plata, Mendoza y Santiago del Estero) y Colombia (Barranquilla, Bogotá, Cali y Medellín)']
¿Qué otras competencias se reprogramaran?	['competencia internacional de clubes –Libertadores y Sudamericana–']
¿Cuántos dias sin preparación habrá en la mayoría de los países?	['15']
¿Cuántos casos de covid-19 suma Salto?	['']
¿Hasta cuándo se suspendió el fútbol en Francia a causa del covid-19?	['hasta nuevo aviso']
¿En qué club juega Edison Cavani?	['Paris Saint-Germain']
¿En qué ciudad reside Cavani?	['París']
¿Cuándo disputó su último partido el equipo al que pertenece Cavani?	['11 de marzo']
¿La suspensión del aumento de qué tarifas fue pedida por Manini?	['públicas']
¿Quién es Manini?	['senador y ex comandante en jefe del Ejército']
¿Cuál es el objetivo de la suspensión de los aumentos propuesta por Manini?	['que la población pueda hacer frente al impacto económico generado por la lucha contra el coronavirus']
¿Dónde se constató falta de artículos para la prevención del Coronavirus?	['Casavalle']
¿Cuándo se expresó Manini?	['este jueves']
¿Cuándo comenzaría las sesiones remotas?	['el miércoles 11', 'a partir de abril']
¿Desde cuándo están suspendidas las actividades en el Parlamento?	['']
¿Hasta cuándo están suspendidas las actividades presenciales en el Parlamento? 	['']
¿Qué actividades fueron suspendidas en el Parlamento uruguayo debido al coronavirus?	['la mayoría de las sesiones, las comisiones y todas las visitas guiadas al Palacio Legislativo']
¿De qué manera pueden funcionar las comisiones del Parlamento durante la suspensión de actividades?	['mediante videoconferencias']
¿Qué comisión se encarga de analizar el accionar de el Ministerio de Desarrollo Social?	['la Comisión Especial de Población y Desarrollo']
¿Quiénes son los beneficiarios de las canastas?	['alcaldías de localidades vulnerables']
¿Qué propuesta de ayuda hay para los comercios cerrados?	['estos bonos']
¿Cómo se puede colaborar con la iniciativa @CanastasUy?	['por medio de sus redes y en la caja de ahorro en pesos 3870717 del banco Itaú, a nombre de Cuacua Sporting Club (Canastasuy)»']
¿Cuántos locales reúne la plataforma lodesiempre.uy?	['70']
¿Cuándo se pueden usar los bonos de la plataforma #cuandotodotermine?	['apenas se reactiven los comercios']
¿Cuándo se reanudan las clases en las escuelas no rurales?	['']
¿Desde cuándo se mantienen cerradas las escuelas?	['']
¿Qué condiciones debe tener una escuela para poder reanudar sus clases?	['escuelas que estén habilitadas por el Sinae', 'aquellas que tengan la aprobación sanitaria del Sinae']
¿Cuándo se reanudan las clases en las escuelas rurales?	['miércoles 22 de abril']
¿Cuántas escuelas rurales hay?	['953']
¿Qué trabajadores pueden no concurrir a la escuela?	['todos los trabajadores que tengan factores de riesgo, es decir, si tienen alguna enfermedad preexistente o son mayores de 65 años']
¿Cuánto aumentó la violencia de género dentro de la emergencia sanitaria?	['']
¿Qué número de teléfono es el 08004141?	['teléfonos de Inmujeres']
¿Quién es el prosecretario de la Presidencia de la República?	['Álvaro Delgado']
¿Qué puede hacer una persona que no está en condiciones de hablar?	['puede mandar un correo electrónico a denuncia@minterior.gub.uy']
¿Quién es el ministro del Interior?	['Jorge Larrañaga']
¿Qué efecto tuvo la cuarentena en la realización de películas?	['han mermado los circuitos de exhibición y las posibilidades materiales de realizar películas']
¿Qué actividad artística fue la más afectada por la pendemia?	['la industria del cine, ya que, dentro de todas las artes, por su carácter colectivo y su costado industrial posiblemente sea –junto con el teatro– la más afectada']
¿Qué películas nuevas ofrece Netflix?	['Largo viaje hacia la noche y Atlantique', 'Largo viaje hacia la noche, del chino Bi Gan, y Atlantique, de la francosenegalesa Mati Diop']
¿Cuántos casos de Coronavirus se registraron en Estados Unidos?	['72.176']
¿Cuántos casos de Coronavirus se registraron en Nueva York?	['37.000']
¿Qué está empezando a escacear en los hospitales de Nueva York?	['las máscaras y los respiradores artificiales']
¿Cuántos pacientes de Covid-19 están hospitalizados en centros de cuidados intensivos?	['casi 1.300']
¿Quién es Andrew Cuomo?	['el gobernador neoyorquino']
¿Qué han hecho las instituciones y organizaciones para garantizar el sustento de los creadores?	['']
¿Qué se ha hecho para garantizar la circulación de las obras de los creadores?	['']
¿Cuáles son los temas de los textos del ciclo de teatro leído en vivo?	['la crisis de 2002, lo femenino en el contexto rural y la separación']
¿Cómo se transmitirá el ciclo de teatro leído en vivo?	['Instagram']
¿Cuándo se transmiten las obras?	['todos los días a las 20.00']
¿Cómo se llama la obra que transcurre durante la crisis de 2002?	['Cheta']
¿Cuándo se estrenó la obra basada en Terrorismo Emocional?	['en 2018']
¿A quiénes se les hará una rebaja en el salario?	['funcionarios públicos']
¿Durante cuánto tiempo se hará la rebaja en los salarios?	['']
¿Qué medidas propuso la coalición de izquierda?	['suspender el aumento de las tarifas y del IVA en las tarjetas de débito y crédito, algo que fue descartado por el gobierno; ;intervenir en el mercado de cambios para que el aumento del dólar no sea mayor; suspender los cortes de servicios como UTE, OSE y Antel ante eventuales incumplimientos de pago']
¿Según Lucía Topolansky, quiénes deberían recibir el descuento?	['los trabajadores y jubilados con altos sueldos']
¿Quiénes deberían recibir el monto recaudado?	['los trabajadores que se quedaron sin trabajo']
¿Hasta qué fecha se decretó la cuarentena en Argentina?	['las 23.59 del 31 de marzo']
¿Cuántas muertes por covid-19 suma Argentina?	['tercera']
¿Cuántas casos totales por covid-19 suma Argentina?	['128']
¿Qué sanciones recibirán las personas que incumplan la cuarentena obligatoria?	['serán sancionados penalmente']
¿Qué trabajadores están exceptuados durante la cuarentena obligatoria?	['trabajadores vinculados a la salud, la seguridad y la producción y distribución de petróleo, así como quienes estén en cargos de conducción política en el gobierno']
¿Cuándo se suspendió la LUB?	['']
¿Cuándo vuelven a jugarse los partidos de la Liga Uruguaya de Básquetbol?	['setiembre', 'setiembre']
¿Cuántos partidos de la LUB se suspendieron debido al covid?	['falta una etapa']
¿Podrá ir el público a los partidos de la LUB?	['setiembre']
¿Cuándo comenzará El Metro?	['entre junio y julio']
¿Cuándo comenzará la próxima temporada de la liga uruguaya de básquetbol?	['20 días después de finalizada la que está en juego']
¿Qué medidas planea tomar la AUF?	['enviará a casi todo su personal (alrededor de 400 trabajadores) al seguro de paro']
¿Cuáles son los clubes más afectados?	['']
¿Qué clubes enviaron a sus futbolistas a seguro de paro desde un principio?	['Plaza Colonia y Defensor Sporting']
¿Qué clubes están jugando la Copa Libertadores y la Copa Sudamericana?	['Nacional, Peñarol, Liverpool, Fénix, River Plate y Plaza']
¿Cuánto dinero recibirán los clubes que están jugando Copa Libertadores y Copa Sudamericana?	['ronda los 200.000 dólares']
¿Cuántos estudiantes de primaria tomarán clases virtuales?	['']
¿Qué carreras de UTU se harán de forma virtual?	['todas']
¿Hasta cuándo se suspenden las clases presenciales?	['']
¿Cuántos estudiantes de educación media toman clases virtuales?	['90.000']
¿Cuántos estudiantes de UTU trabajarán en las aulas virtuales?	['11.000', '11.000']
¿Qué carreras de UTU ya se podían realizar virtualmente?	['prevencionista, logística, turismo y tecnólogo cárnico']
¿Cuándo se emite Cinemateca?	['todos los viernes y sábados']
¿Qué se emite en Cinemateca?	['todos los viernes y sábados']
¿Quién es la directora de Cinemateca?	['María José Santacreu']
¿Quién es la protagonista de Familia sumergida?	['Mercedes Morán']
¿Quién dirigió La fábrica de nada?	['Pedro Piño']
¿Qué requisitos deben cumplir las farmacias para realizar test de Covid19?	['“disponer de personal específicamente capacitado por el MSP” y “contar con un área individualizada para la realización de la técnica”']
¿Desde qué día se podrá realizar tests de Covid19 en las farmacias?	['']
¿Qué centros quedaron habilitados para realizar tests de Covid19 a partir del decreto publicado por presidencia?	['laboratorios de análisis clínicos, clínicas médicas, servicios de salud ocupacional y otros servicios del primer nivel de atención']
¿Por qué medio se realizará el registro y reporte de los tests realizados en farmacias y centros habilitados?	['plataforma digital']
¿Qué organismo controlará el cumplimiento de las normas y requisitos establecidos para realizas tests de Covid19?	['MSP']
¿Quién es Kevin Durant?	['alero de los Brooklyn Nets']
¿En qué país vive Kevin Durant?	['estadounidense']
¿Cuántos compañeros de Durant se encuentran aislados?	['tres']
¿Cuántos casos confirmados de covid-19 hay en la NBA?	['siete']
¿Qué equipos de la NBA cuentan con casos confirmados de covid-19?	['Utah Jazz; Christian Wood, de Detroit Pistons; Kevin Durant y sus tres compañeros de los Nets']
¿Cómo se contagia el virus?	['']
¿Qué morbilidad tiene el coronavirus?	['']
¿Quién va a presentar un proyecto para estudiar el contagio de coronavirus en mascotas?	['Facultad de Veterinaria de la Universidad de la República', 'doctor Alejandro Benech, grado 5 y director del Departamento de Pequeños Animales de dicha facultad']
¿Qué es el ARN?	['una molécula presente en las células que se encarga de mediar entre la información almacenada en el ADN y la síntesis de proteínas adecuada', 'una especie de mensajero entre la información que existe y la producción de proteínas']
¿Qué es el patrullaje fronterizo?	['“identificación de vehículos, cargas, revisación de bodegas: todo lo que estaba pensado hacerse”']
¿Cuál es el objetivo del patrullaje fronterizo?	['']
¿Qué porcentaje de los vuelos fueron con destino sanitario?	['menos del 10%']
¿Cuántos efectivos desplegaron las Fuerzas Armadas?	['1.207']
¿Por cuánto rematarán el avión presidencial?	['un millón de dólares']
¿Cuándo cerrarán los centros educativos?	['este martes']
¿Por qué cerrarán los centros educativos?	['la epidemia por el nuevo coronavirus']
¿Quién es la dirigente sindical del magisterio?	['Elbia Pereira']
¿Por cuánto tiempo no habrán clases?	['dos semanas ']
¿Por qué se habilitó la plataforma CREA del Plan Ceibal?	['desarrollar tareas pedagógicas']
¿Qué empleos están en riesgo debido a la crisis sanitaria?	['tareas de cuidados de niños –en momentos en que cierran las escuelas– y de otras personas dependientes']
¿Cuántas personas perderán sus empleos durante la pandemia?	['25 millones', 'el mejor escenario es de una pérdida de 5,3 millones de empleos, y la “hipótesis extrema” sería la eliminación de casi 25 millones']
¿Qué es la OIT?	['Organización Internacional del Trabajo']
¿Quiénes serán los más afectados durante la pandemia?	['los trabajadores con empleo más precario, sobre todos los más jóvenes y los mayores, serían los más afectados, al igual que los migrantes y las mujeres']
¿Qué porcentaje de trabajadores del área de servicios son mujeres?	['58,6%']
¿Cuál es el monto total del premio por ganar la final de la Eurocopa?	['9.5 millones de libras']
¿A quién decidieron donar el premio de la Eurocopa los jugadores ingleses si logran ganarla?	['Servicio Nacional de Salud']
¿Quién es el capitán de la selección inglesa de fútbol?	['Harry Kane']
¿Contra qué pais jugará Inglaterra la final de la Euro?	['Italia']
¿En qué estadio se jugará la final de la Euro?	['Wembley']
¿Qué equipos son los más complicados?	['']
¿Cuántos futbolistas son los afectados?	['']
¿Qué dijo haber presentado la Asociación Uruguaya de Fútbol?	['un proyecto de flexibilización del seguro de paro']
¿A cuántos dependientes pasó a seguro de paro la AUF?	['cerca de 400']
¿A quién beneficia la campaña comenzada por la Organización de Futbolistas Uruguayas?	['las jugadoras que vivan o estén cercanas a gente en situación de riesgo']
¿Cuántas camas de CTI hay?	['881']
¿Cuántos casos de covid-19 hay?	['']
¿Cuántas camas de CTI están ocupadas?	['']
¿Cuánto del PBI destina Uruguay a la salud?	['6,2%']
¿Cuántas camas hay en el sistema de salud?	['9.191']
¿Cuántos jubilados están cubiertos por el sistema de salud?	['600.000']
¿Cuántos casos activos de coronavirus hay en Israel?	['13.147']
¿Cuántos fallecidos por coronavirus hay en Israel?	['6.461']
¿Cuál es la positividad del coronavirus en Israel?	['2,08']
¿Cuántos vacunados con dos dosis hay en Israel?	['5.321.379']
¿Quién es el ministro de Sanidad de Israel?	['Nitzan Horowitz']
¿Cuántos casos de Covid19 se han registrado en Argentina hasta la fecha?	['158']
¿Cuántos muertes ocasionadas por Covid19 se han registrado en Argentina hasta la fecha?	['']
¿Cuándo se decretó la cuarentena en Argentina?	['el jueves']
¿Cuántas personas fueron detenidas en Argentina por violar el confinamiento obligatorio?	['Más de 250']
¿Cuándo se registró el primer caso de Covid19 positivo en Argentina?	['158']
¿Qué países se vieron más afectados por la pandemia?	['']
¿Qué países tomaron las medidas más estrictas frente a la pandemia?	['']
¿En qué países la pandemia afectó más a indígenas y afrodescendientes?	['Ecuador, Brasil o Colombia']
¿Qué países reanudaron los entrenamientos de fútbol?	['al menos en dos países europeos: Alemania y Portugal']
¿Cuándo se van a retomar los entrenamientos de fútbol?	['no se habló de fechas']
¿Quién está evaluando volver a los entrenamientos de fútbol?	['']
¿Cada cuánto habría entrenamientos de fútbol en Uruguay cuando se reanuden?	['día por medio']
¿Quién es el secretario de la Mutual Uruguaya de Futbolistas Profesionales?	['Mitchell Duarte']
¿Cuántas denuncias de violencia de género se han presentado durante la pandemia?	['']
¿Quiénes integran el Consejo Nacional Consultivo por una Vida Libre de Violencia de Género?	['14 organismos del Estado y representantes de la sociedad civil']
¿Qué sucedió con la violencia de género durante la pandemia?	['']
¿En qué período ocurre la feria judicial?	['']
¿Quién es la directora de Inmujeres?	['Mónica Bottero']
¿Cuál es el número de teléfono de Inmujeres?	['0800 4141 o 4141*']
¿Cuál es el número de la Línea Azul?	['0800 5050']
¿Cuándo se inició el confinamiento? 	['']
¿Qué institución preside Rafael Radi? 	['Academia Nacional de Ciencias']
¿Cuándo dijo el presidente Lacalle que se podía dar marcha atrás en las medidas? 	['17 de abril']
¿De qué tema le pareció demasiado brusco hablar a Radi y al Presidente? 	['del día después']
¿En qué país aumentó el uso de espacios libres? 	['Alemania']
¿En qué año nació Albert Uderzo?	['1927']
¿Quién fue el creador de Asterix?	['Albert Uderzo']
¿En qué año murió René Goscinny?	['1977']
¿En qué fecha fue el golpe de estado en Argentina?	['24 de marzo', '1976']
¿Quién es el presidente de Argentina?	['Alberto Fernández']
¿Cuántas personas han fallecido por Covid en Argentina?	['seis']
¿Cuántas personas infectadas por Covid hay en Argentina?	['301']
¿Qué medidas se tomaron contra la pandemia en la educación?	['']
¿Cuál fue la campaña iniciada por Fenapes?	['#ProfesTiranPiques, una serie de videos de pocos minutos en los que docentes de distintas asignaturas dan recomendaciones de películas, apps o cuentas en redes sociales para seguir vinculados a las distintas materias']
¿Cuál fue la propuesta del Frente de Participación Estudiantil?	['biblioteca virtual de carácter colaborativo']
¿Qué propuso el colectivo Maestras Feministas?	['recursos didácticos para “Enseñar y aprender desde casa”']
¿Quién presentó la campaña #ProfesTiranPiques?	['Federación Nacional de Profesores de Enseñanza Secundaria', 'Fenapes']
¿Cómo se llama la biblioteca virtual del Frente de Participación Estudiantil?	['Pimba']
¿En qué red social funciona mejor la campaña #ProfesTiranPiques?	['Instagram']
¿Quién es el encargado de comunicaciones del Fenapes?	['Federico de Pallejas']
¿Cuántas personas perdieron trabajo por la pandemia?	['millones', 'podría llegar a los 25 millones']
¿Cuántas empresas cerraron por la pandemia?	['muchas']
¿Qué países se vieron más afectados económicamente por la pandemia?	['']
¿Qué gobiernos han resuelto de manera más eficaz los problemas provocados por la pandemia?	['']
¿Quién está conforme con las medidas del gobierno uruguayo frente a la pandemia?	['']
¿A quién favorecen las medidas que está tomando el gobierno uruguayo?	['al capital']
¿Cuántos desempleados podría dejar la pandemia según la Organización Internacional del Trabajo?	['25 millones']
¿Quiénes son las personas más afectadas por la pandemia?	['personas trabajadoras en condiciones de informalidad, cuentapropistas, monotributistas, independientes, de economías de plataformas, trabajadoras domésticas']
¿A cuántas personas dejaron de pagarle las empresas transnacionales de alimentos en Chile?	['aproximadamente 4.000']
¿De cuáles organizaciones internacionales se retiró Uruguay con el gobierno actual?	['Telesur, del Banco del Sur, de la Unión de Naciones Suramericanas (Unasur)']
¿Qué beneficios puede traer una cuarentena total?	['']
¿Quién es Tabaré Vázquez?	['ex presidente']
¿Qué puede aportar realizar la mayor cantidad posible de tests para el Covid?	['casos de portadores desconocidos a portadores conocidos']
¿Qué medidas tomadas por el gobierno uruguayo en relación a la pandemia son apoyadas por el ex presidente Tabaré Vázquez?	['todas las medidas']
¿Quién lidera la toma de medidas sobre la pandemia?	['Luis Lacalle Pou']
¿Qué es el SMU?	['Sindicato Médico del Uruguay']
¿En qué medida se vieron afectadas las cirugías menores en el contexto de la pandemia?	['']
¿Cuál es el objetivo que busca lograr el SMU con la cuarentena general?	['evitar la afluencia de pacientes de forma abrumadora']
¿Para qué sirven los test de diagnóstico del Covid19?	['rastreo de casos para indicar aislamiento']
¿Cuánto invertirá el Ministerio de Economía en el Mides para la protección de los sectores más vulnerables de la población?	['1.000 millones de pesos']
¿Cuántos casos activos de coronavirus hay en Estados Unidos?	['']
¿Cuántos vacunados hay en Estados Unidos?	['apenas el 57 % de los mayores de 12 años']
¿Quién es el principal epidemiólogo de Estados Unidos?	['Anthony Fauci']
¿Cuántos de los casos son de la variante delta?	['']
¿Cuánto aumentaron los contagios en EE.UU. la última semana?	['casi un 47 %']
¿Cuál es el país con mas casos de coronavirus?	['China']
¿Por qué Merkel está en cuarentena?	['positivo un médico con el que estuvo en contacto']
¿Cuántos casos positivos de coronavirus hay en Estados Unidos?	['superan los 30.000']
¿Cuántos estados de Estados Unidos permanecen con cuarentena obligatoria?	['ocho']
"¿En qué consiste el plan ""Nueva York en Pausa""?"	['cuarentena obligatoria y el cierre de todos los negocios, excepto los considerados esenciales']
¿Qué sanciones puede traer violar la cuarentena?	['']
¿Qué efectos puede ocasionar el virus de Covid19 en animales?	['no existe evidencia científica que asegure que perros y gatos pueden infectarse con ese virus']
¿En qué afecta el Covid19 a los humanos?	['afecta las vías respiratorias']
¿A qué familia de virus pertenece el Covid19?	['Coronaviridae']
¿De qué tipo es el virus Covid19?	['tipo beta']
¿Cuántos casos de covid se detectaron hoy en Nueva Zelanda?	['34']
¿Qué vacuna se está usando en Nueva Zelanda?	['']
¿Hasta cuándo habrá cuarentena en Nueva Zelanda?	['hasta el próximo viernes']
¿En qué partes de Nueva Zelanda habrá confinamiento por siete días?	['']
¿Cuándo se empezó a vacunar gente por covid en Nueva Zelanda?	['el pasado febrero']
¿Qué medidas tomó la Intendencia de Montevideo en las ferias y el Mercado Modelo?	['extendió el horario de las ferias vecinales de frutas y verduras hasta las 14.00']
¿Quién es la intendente de Montevideo?	['']
¿Quién es el secretario general de la Intendencia de Montevideo?	['Fernando Nopitsch']
¿Qué ferias están cerradas?	['la de Villa Biarritz y la del Parque Rodó']
¿Quién es el presidente de la República?	['Luis Lacalle Pou']
¿Cuántos muertos ha habido en Paraguay por COVID-19?	['ocho']
¿Quién es el presidente de Paraguay? 	['Mario Abdo Benítez']
¿De qué partido es la senadora Arrúa?	['Partido Patria Querida']
¿Quién es el principal político del Partido Liberal?	['Efraín Alegre']
¿Qué precio pagó la Dirección Nacional de Aeronáutica Civil por las mascarillas?	['casi el doble del precio que tienen esas mascarillas en el mercado minorista']
¿Cuántos casos de covid hubo hoy en Nueva York?	['']
¿Cuántas personas murieron por covid en Nueva York?	['más de 7.000']
¿Cuántas personas murieron en sus hogares en los primeros cinco días de abril en Nueva York?	['1.125']
¿Quiénes trabajan para recuperar los cuerpos de los muertos por covid?	['15 equipos compuestos por cuatro empleados de morgues y bomberos']
¿Cuántos contagios hubo en Nueva York en total?	['casi 175.000']
¿Quién es el secretario de Presidencia?	['Álvaro Delgado']
¿Quiénes deben usar tapabocas? 	['clientes y funcionarios de esos centros comerciales']
¿A partir de qué momento es obligatorio el uso de tapabocas? 	['al momento del reinicio de sus actividades']
¿Qué medida está prevista para aquellos que no tengan tapabocas? 	['recibirán uno de forma gratuita']
¿Cuándo se anunció la medida para supermercados?	['este martes']
¿Qué centro educativo de Paysandú cerró por covid?	['un centro educativo privado']
¿Hasta cuándo cerró el centro educativo de Paysandú?	['']
¿Quién es el director de salud de Paysandú?	['Carlos Leoni']
¿Quién es Carlos Leoni?	['El director de Salud de Paysandú']
¿Cuántos casos positivos de coronavirus se registraron en Brasil?	['25']
¿Cuántas muertes por coronavirus se registraron en Brasil?	['25']
¿Cuántos estados de Brasil registran casos positivos de coronavirus?	['27']
¿Cuántos casos positivos de coronavirus se registraron en Ecuador?	['cerca de 800']
¿Cuántas muertes por coronavirus se registraron en Ecuador?	['14']
¿En qué caso se tomaría la pastilla?	['una vez que una persona se contagia']
¿Qué efectividad tendrían las pastillas?	['']
¿Qué son Pfizer y MSD?	['farmacéuticas']
¿Qué son Tamiflu y Xofluza?	['medicamentos que se usan contra la gripe']
¿Qué es el Remdesivir?	['tratamientos']
¿Cuándo se creó el cuestionario?	['']
¿Hace cuánto tiempo está en funcionamiento el cuestionario?	['desde hace 15 días']
¿Quién realizó el cuestionario?	['la Facultad de Psicología y el equipo de DATA', 'Alejandro Maiche']
¿Cuántos datos se recabaron hasta el momento?	['más de 150 resultados']
¿A quién está dirigido el cuestionario?	['']
¿Dónde se puede realizar el cuestionario?	['cuarentena.uy']
¿Dónde se pueden ver los resultados?	['en cuarentena.uy/resultados']
¿Cómo se llama quien tuvo la idea del portal?	['Alejandro Maiche, profesor e investigador de la Facultad de Psicología de la Universidad de la República']
¿Qué es el PIT-CNT?	['central sindical']
¿Cuántas medidas plantea tomar el PIT-CNT y otras organizaciones para reducir el impacto del Covid19?	['ocho']
¿Qué es ASSE?	['Administración de los Servicios de Salud del Estado']
¿Qué medidas se pensaron para ayudar a los sectores más afectados por la pandemia?	['repartir canastas de alimentos']
¿A qué sectores de la población se repartiran canastas de alimentos?	['los sectores más afectados por el cese de actividades']
¿Qué tipos de personas forman parte de la población de riesgo?	['personas de más de 65 años']
¿Cuál es el horario preferencial para mayores de 65 años?	['de 8.30 a 10.00']
¿Quién es el Secretario de la Presidencia?	['Álvaro Delgado']
¿Hasta qué fecha están suspendidas las salidas del país?	['hasta el lunes 13 de abril']
¿Cuántos caso de coronavirus hay en Uruguay?	['189']
¿Cuál fue el primer equipo en volver a practicar en Portugal? 	['Nacional de Portugal']
¿Cuándo volvieron los equipos a entrenar en Portugal? 	['']
¿Quiénes coordinan los entrenamientos en el Sporting?  	['del preparador físico, el jefe de la Unidad de Desempeño y el médico']
¿En cuánto bajó el salario de los jugadores el Sporting de Lisboa? 	['40%']
¿Cuántas personas murieron en Portugal por COVID?	['más de 700 personas']
¿Cuánto dinero aportará la fundación Mario Benedetti a los afectados por la COVID-19?	['180.000 pesos uruguayos']
¿Cuántos bonos se repartirán por la fundación? 	['36']
¿Cuál el plazo máximo para solicitar el beneficio?	['30 de abril a las 23.59']
¿Dónde se publicarán los videos realizados por los adjudicatarios de los bonos? 	['en la plataforma virtual corchea.uy']
¿Cuándo se dio un cuello de botella en el Hospital Español?	['en la tarde del jueves 9 de abril']
¿Cuántos años tiene el paciente que esperó toda una noche en una ambulancia?	['']
¿Quién tuvo que esperar toda la noche en una ambulancia?	['Martín Mesa']
¿Cuál es el número del Servicio de Atención Médica de Emergencia?	['105']
¿Quién es la directora de la región sur de ASSE?	['Virginia Longo']
¿Quién es Virginia Longo?	['La directora de la Región Sur de la Administración de los Servicios de Salud del Estado (ASSE)']
¿Con cuántas camas para el ingreso de pacientes cuenta el Hospital Español?	['ocho']
¿Cuántas camas tiene el CTI del Hospital Español?	['23']
¿Qué es Lautréamont?	['librería']
¿Qué libros ofrece la editorial Estuario?	['']
¿Cuál es el hashtag de la promoción lanzada por la librería Lautréamont?	['#autoresencuarentena']
¿Qué largo tiene los videos publicados?	['menos de un minuto']
¿Cuántas ollas populares hay en Montevideo?	['']
¿Cuántas solicitudes al seguro de desempleo se han realizado en el BPS?	['más de 50.000']
¿En dónde se encuentra el merendero Solidarios Unidos Seis Barrios?	['cruce de las calles Rafael y Teniente Galeano']
¿A qué hora se ofrece la merienda en el merendero Solidarios Unidos Seis Barrios?	['17.00']
¿A qué hora se ofrece la comida de olla en el merendero Solidarios Unidos Seis Barrios?	['20.00']
¿En qué barrios funciona el proyecto Olla Oeste?	['Fortaleza, Paurú y la Vía, Juntos, Nuevo París, Santa Catalina, Casabó, Rincón del Cerro y Villa Esperanza']
¿En qué parte de Argentina se detectaron los casos?	['']
¿Cuándo se detectó el primer caso de la variante delta?	['']
¿Cuántos casos de covid hay en Argentina?	['']
¿Cuántos casos se detectaron en total?	['202']
¿Cuántos casos de covid se detectaron a lo largo de la pandemia en Argentina?	['5,1 millones']
¿Cuántas muertes causó el covid en Argentina?	['110.609']
¿Cuántas personas en Argentina tienen solo una dosis de vacuna contra el covid?	['27,3 millones']
¿Cuántas personas de Argentina ya tienen su esquema de vacunación completo?	['12,2 millones']
¿Cuántos casos positivos de coronavirus hay en Argentina?	['4.812.351']
¿Cuántos fallecimientos por coronavirus hay en Argentina?	['103.074']
¿Cuántos pacientes han sido dados de alta en Argentina?	['4,4 millones']
¿Cuántos pacientes de coronavirus hay en cuidados intensivos en Argentina?	['4.532']
¿Cuántas personas hay con dos dosis de la vacuna en Argentina?	['casi 5,8 millones']
"¿Para qué ámbitos asistenciales rige el ""protocolo de seguridad""?"	['policlínica, emergencia, sala de internación y centros de terapia intensiva']
¿Cuántos contagios de coronavirus se dan en ámbitos asistenciales ?	['hasta 10% de los casos']
"¿Quiénes fueron los pricipales interesados en aprobar el ""protocolo de seguridad""?"	['gremios']
¿En qué lugares del interior del país se pretenden realizar testeos de Covid19?	['Laboratorio de Virología Molecular de la Universidad de la República']
¿Hasta cuántos días demoran en el interior del país para dar un resultado de análisis de Covid19?	['cinco días']
¿Qué contenidos disponibiliza el Ministerio de Educación y Cultura?	['Culturaencasa.uy']
¿Qué contenidos disponibiliza la Intendencia de Montevideo?	['presentaciones artísticas, conferencias, conciertos, charlas y documentales']
¿A cuántos artistas contratará el ministerio de Cultura porteño?	['500']
¿Qué significa la sigla ONU?	['Organización de las Naciones Unidas']
¿Qué autoridad de la ONU reconoció el trabajo de Uruguay?	['']
¿Qué medio utilizó Talvi para anunciar el reconocimiento de ONU? 	['Twitter']
¿Cuántos uruguayos volvieron a través de la operación Todos en Casa?	['casi 2.000']
¿A qué país destacó la Organización Internacional para las Migraciones a través de un documento?	['Uruguay']
¿Qué es la FUM?	['']
¿Cuándo se piensa reanudar las clases en las escuelas rurales?	['22 de abril']
¿Quién decidió retomar las clases presenciales el 22 de abril?	['Poder Ejecutivo']
¿Qué le solicitó la FUM al gobierno?	['“la revisión de la resolución adoptada”']
¿Cuántas muertes hubo en España por covid?	['más de 15.800']
¿Cuándo comenzó el confinamiento en España?	['']
¿Cuándo se detuvo la actividad económica en España?	['los últimos días de marzo', 'el 30 de marzo']
¿Qué país supera en muertos por covid a España?	['Italia']
¿Cuándo se comenzará a retomar la actividad económica en España?	['A partir del lunes']
¿Quiénes dirigieron la serie Feriados?	['Leonardo Pintos, Claudio Quijano y Lucas Cilintano']
¿Quiénes protagonizaron la serie Feriados?	['Federico Torrado, Victoria Pereira, Sebastián Calderón, Mateo Chiarino, Leonardo Pintos, Cecilia Cósero, Dahiana Méndez, Carla Moscatelli y Claudio Quijano']
¿Cuánto aumentó el uso de computadoras desde la pandemia?	['casi 150%']
¿Cuántas personas teletrabajan en Uruguay?	['']
¿Cuántas personas acceden a internet por computadora?	['']
¿Cuántas personas acceden a internet por celular?	['']
¿Qué personas prefieren acceder a internet por computadora?	['']
¿Cuánto aumentó el acceso a internet por cable y fibra óptica?	['hasta 32%']
¿Cuánto aumentó el acceso a internet por servicios móviles?	['hasta 44%']
¿Cuánto aumentó la venta de computadoras?	['40%']
¿Cuánto aumentó la venta de monitores?	['138%']
¿Cuánto aumentó la venta de cámaras web?	['179%']
¿Cuánto bajó la fabricación de dispositivos electrónicos a causa del confinamiento en China?	['8% promedio']
¿Cuál fue la empresa más afectada por la baja en producción de dispositivos electrónicos?	['Apple']
¿Cuánto bajó la producción de dispositivos electrónicos de Apple?	['20%']
¿Cuántos son los casos activos de coronavirus en Brasil?	['716.984']
¿Cuántos son los fallecimientos por coronavirus en Brasil?	['547.016']
¿Cuántos casos confirmados de coronavirus tiene Brasil?	['19.523.711']
¿Cuál es el estado de Brasil con más casos confirmados?	['Sao Paulo']
¿Cuántas vacunas ha aplicado Brasil?	['128,5']
